Rating,PersonalLoans,HomeLoan,AutoLoan,StudentLoan,BusinessLoan,InvestmentMortgage,DebtConsolidationLoan,PaydayLoan,RRSPLoan,PawnLoan,CreditCard,RVLoan,BridgeLoan,ConstructionMortgage,HomeRenovationLoan,HELOC,CashAdvances,ReverseMortgage
Prime,0.01,0.0,0.0,-0.01,0.04,-0.09,0.0,0.01,-0.01,0.03,0.02,-0.02,0.01,0.01,0.02,0.03,0.02,0.03
Standard,0.03,0.005,0.035,0.01,0.045,-0.04,0.01,0.03,0.01,0.07,0.060000000000000005,-0.01,0.02,0.015,0.04,0.07,0.04,0.04
Substandard,0.057499999999999996,0.02,0.06,0.105,0.0875,0.45499999999999996,0.02,0.0975,0.055,0.09,0.1475,0.045,0.0675,0.0875,0.065,0.09,0.0775,0.06
Subprime,0.08,0.035,0.095,0.275,0.13,1.15,0.035,0.215,0.15500000000000003,0.11499999999999999,0.24,0.08,0.095,0.14500000000000002,0.09,0.11499999999999999,0.13,0.08499999999999999
